{
  "MinMaxQ": {
    "win_rate": 66.6015625,
    "loss_rate": 22.75390625,
    "draw_rate": 10.64453125,
    "avg_reward": 0.4416015625,
    "avg_turns": 52.9697265625,
    "reward_distribution": {
      "1.0": 66.6015625,
      "0.1": 3.61328125,
      "-1.0": 22.75390625,
      "0.0": 2.83203125,
      "-0.2": 1.07421875,
      "0.2": 1.46484375,
      "-0.1": 1.5625,
      "0.30000000000000004": 0.09765625
    }
  }
}
